 ,Distance,Multiplier,
0,0.1752934,0.9795148,
1,0.8273553,0.5436554,
