 ,Distance,Multiplier,
0,0.2337329,0.9635793,
1,0.9979082,0.5,
